{"cameraMode":{"drawMode":0,"name":"Shaded","section":"Shading Mode"},"sceneLighting":false,"audioPlay":false,"sceneViewState":{"showFog":true,"showMaterialUpdate":true,"showSkybox":true,"showFlares":true,"showImageEffects":true,"showParticleSystems":true},"in2DMode":false,"pivot":{"x":0.13551568984985352,"y":0.6687904000282288,"z":1.6939713954925538},"rotation":{"x":0.12062982469797135,"y":0.40986302495002749,"z":-0.05486299470067024,"w":0.9025453925132752},"size":6.057149410247803,"orthographic":false}