{"cameraMode":{"drawMode":0,"name":"Shaded","section":"Shading Mode"},"sceneLighting":false,"audioPlay":false,"sceneViewState":{"showFog":true,"showMaterialUpdate":true,"showSkybox":true,"showFlares":true,"showImageEffects":true,"showParticleSystems":true},"in2DMode":false,"pivot":{"x":0.3299674987792969,"y":0.003245919942855835,"z":-0.47663581371307375},"rotation":{"x":-0.07808265835046768,"y":0.42418408393859866,"z":-0.03673495352268219,"w":-0.9014555811882019},"size":2.7331602573394777,"orthographic":false}