{"cameraMode":{"drawMode":0,"name":"Shaded","section":"Shading Mode"},"sceneLighting":true,"audioPlay":false,"sceneViewState":{"showFog":true,"showMaterialUpdate":true,"showSkybox":true,"showFlares":true,"showImageEffects":true,"showParticleSystems":true},"in2DMode":false,"pivot":{"x":-600.8739013671875,"y":8.327140808105469,"z":-6.646204471588135},"rotation":{"x":-0.167397603392601,"y":-0.340815931558609,"z":0.06181543692946434,"w":-0.9230870604515076},"size":8.243803977966309,"orthographic":false}